# Host: localhost:3307  (Version: 5.6.17)
# Date: 2017-09-08 17:39:19
# Generator: MySQL-Front 5.3  (Build 4.205)

/*!40101 SET NAMES utf8 */;

#
# Structure for table "tbgroup"
#

DROP TABLE IF EXISTS `tbgroup`;
CREATE TABLE `tbgroup` (
  `GROUPID` varchar(32) NOT NULL,
  `GROUPCODE` varchar(20) NOT NULL,
  `GROUPNAME` varchar(128) NOT NULL,
  `TYPE` decimal(1,0) NOT NULL,
  `LOCATION` decimal(5,0) NOT NULL,
  `ADDRESS` text,
  `POSTALCODE` varchar(20) DEFAULT NULL,
  `PHONE` varchar(20) DEFAULT NULL,
  `FAX` varchar(20) DEFAULT NULL,
  `EMAIL` varchar(50) DEFAULT NULL,
  `LINKMAN` varchar(128) DEFAULT NULL,
  `REMARK` text,
  `DELETESTATUS` decimal(1,0) NOT NULL,
  `CREATORID` varchar(32) NOT NULL,
  `CREATETIME` varchar(19) NOT NULL,
  `PARENTID` varchar(32) DEFAULT NULL,
  PRIMARY KEY (`GROUPID`)
) ENGINE=InnoDB DEFAULT CHARSET=utf8;

#
# Data for table "tbgroup"
#

INSERT INTO `tbgroup` VALUES ('1099969893a411e7831fbf251c36b7d1','123','123',2,2,NULL,NULL,NULL,NULL,NULL,NULL,'123',1,'d647f5dc071311e3be2a198973f0fb71','2017-09-07 16:10:52','86d3686f92e411e799443bcc49fdd8b7'),('2bfc016c082311e3903d614ca2289850','group001','学院',1,1,NULL,NULL,NULL,NULL,NULL,NULL,'学院',1,'d647f5dc071311e3be2a198973f0fb71','2013-08-19 00:28:10','9001'),('86d3686f92e411e799443bcc49fdd8b7','1','1',1,1,NULL,NULL,NULL,NULL,NULL,NULL,'1',1,'d647f5dc071311e3be2a198973f0fb71','2017-09-06 17:19:47','2bfc016c082311e3903d614ca2289850'),('8b27805092e411e799443bcc49fdd8b7','11','11',2,1,NULL,NULL,NULL,NULL,NULL,NULL,'11',1,'d647f5dc071311e3be2a198973f0fb71','2017-09-06 17:19:54','86d3686f92e411e799443bcc49fdd8b7'),('9001','group000','根目录',1,1,NULL,'123456','010-88888888','010-88888888','123@123.com',NULL,'无备注',1,'9001','2010-09-26 21:14:08','-5');

#
# Structure for table "tbuser"
#

DROP TABLE IF EXISTS `tbuser`;
CREATE TABLE `tbuser` (
  `USERID` varchar(32) NOT NULL,
  `USERCODE` varchar(32) NOT NULL,
  `USERNAME` varchar(128) NOT NULL,
  `USERTYPE` decimal(1,0) DEFAULT '0' COMMENT '0表学生，1表老师，2表管理员',
  `PHOTO` text,
  `SEX` decimal(1,0) NOT NULL DEFAULT '1',
  `BIRTHDAY` varchar(10) DEFAULT NULL,
  `POSITION` varchar(32) DEFAULT NULL,
  `DELETESTATUS` decimal(1,0) NOT NULL DEFAULT '1',
  `CREATORID` varchar(32) NOT NULL,
  `CREATETIME` varchar(19) NOT NULL,
  `MODIFYTIME` varchar(19) DEFAULT NULL,
  `PASSWORD` varchar(100) NOT NULL,
  `STATUS` decimal(1,0) NOT NULL DEFAULT '1',
  `EMAIL` varchar(50) NOT NULL,
  `integration` decimal(10,0) NOT NULL DEFAULT '0',
  `authkey` varchar(32) NOT NULL DEFAULT '',
  PRIMARY KEY (`USERID`),
  KEY `tbuser1` (`USERCODE`)
) ENGINE=InnoDB DEFAULT CHARSET=utf8;

#
# Data for table "tbuser"
#

INSERT INTO `tbuser` VALUES ('12','yb','yb1',0,',',1,'-','9001',1,'9001','2017-09-09','2017-09-07 10:52:45','C43RoBpzeVCmQ6V48I95AA==',1,'-',21,'00146302fc08421eb2d7f225a2bc4411'),('1aea7516bd3c46ceaad025d8b58c5207','Guest002','李四',0,NULL,2,'1980-01-01',NULL,1,'d647f5dc071311e3be2a198973f0fb71','2017-09-07 16:11:24',NULL,'220248A7B471B0A143DB5649E6995101',1,'service@gmail.com',0,''),('8dacf11a89f64a07b6f36c04e00a8a20','Guest001','张三',0,NULL,1,'1980-01-01',NULL,1,'d647f5dc071311e3be2a198973f0fb71','2017-09-07 16:11:24',NULL,'AEE61E5E161A557914D1CCB3CE600AF8',1,'service@gmail.com',0,''),('9001','superadmin','superadmin',2,'1287974578113.jpg',1,'2010-01-01','f21947b7c96f11df8bd64151002469b4',1,'9001','1900-12-12 12:12:12','2010-10-25 10:42:58','xMpCOKC5I4INzFCab3WEmw==',1,'zhaoyuyang2006@aliyun.com',0,''),('b65d9e5156cf4a52a164f5c50343ec43','a','a',0,'',1,'-','9001',1,'','2017-09-06 17:47:37',NULL,'0CC175B9C0F1B6A831C399E269772661',1,'-',0,''),('d647f5dc071311e3be2a198973f0fb71','admin','超级管理员',2,'1376726753219',1,'-','9001',1,'9001','2013-08-17 16:05:53',NULL,'4QrcOUm6Wau+VuBX8g+IPg==',1,'-',1,'13bd007086e34357b9a3c988d131c270'),('f58d6d2a548b4b738b33d6f1ca2f91e7','Guest004','赵六',0,NULL,2,'1980-01-01',NULL,1,'d647f5dc071311e3be2a198973f0fb71','2017-09-07 16:11:24',NULL,'2E59C5B5B61A94FDC14253CFDE973A12',1,'service@gmail.com',0,''),('f94078d31a8f4590b50552643f06f8de','Guest003','王五',0,NULL,1,'1980-01-01',NULL,1,'d647f5dc071311e3be2a198973f0fb71','2017-09-07 16:11:24',NULL,'6A5E1D2EC0935A1C955991F6BD738E5C',1,'service@gmail.com',0,'');

#
# Structure for table "tbusergroup"
#

DROP TABLE IF EXISTS `tbusergroup`;
CREATE TABLE `tbusergroup` (
  `ugid` varchar(32) NOT NULL DEFAULT '',
  `userid` varchar(32) NOT NULL DEFAULT '',
  `groupid` varchar(32) NOT NULL DEFAULT '',
  `createtime` varchar(19) NOT NULL DEFAULT '',
  `creatorid` varchar(32) NOT NULL DEFAULT '',
  PRIMARY KEY (`ugid`)
) ENGINE=InnoDB DEFAULT CHARSET=utf8;

#
# Data for table "tbusergroup"
#

INSERT INTO `tbusergroup` VALUES ('1','12','8b27805092e411e799443bcc49fdd8b7','2016-11-11 10:10:10','d647f5dc071311e3be2a198973f0fb71'),('10','d647f5dc071311e3be2a198973f0fb71','2bfc016c082311e3903d614ca2289850','2016-11-11 10:10:10','d647f5dc071311e3be2a198973f0fb71'),('11','f58d6d2a548b4b738b33d6f1ca2f91e7','1099969893a411e7831fbf251c36b7d1','2016-11-11 10:10:10','d647f5dc071311e3be2a198973f0fb71'),('12','f58d6d2a548b4b738b33d6f1ca2f91e7','1099969893a411e7831fbf251c36b7d1','2016-11-11 10:10:10','d647f5dc071311e3be2a198973f0fb71'),('13','f58d6d2a548b4b738b33d6f1ca2f91e7','8b27805092e411e799443bcc49fdd8b7','2016-11-11 10:10:10','d647f5dc071311e3be2a198973f0fb71'),('14','f94078d31a8f4590b50552643f06f8de','1099969893a411e7831fbf251c36b7d1','2016-11-11 10:10:10','d647f5dc071311e3be2a198973f0fb71'),('15','f94078d31a8f4590b50552643f06f8de','8b27805092e411e799443bcc49fdd8b7','2016-11-11 10:10:10','d647f5dc071311e3be2a198973f0fb71'),('2','12','2bfc016c082311e3903d614ca2289850','2016-11-11 10:10:10','d647f5dc071311e3be2a198973f0fb71'),('3','1aea7516bd3c46ceaad025d8b58c5207','8b27805092e411e799443bcc49fdd8b7','2016-11-11 10:10:10','d647f5dc071311e3be2a198973f0fb71'),('4','1aea7516bd3c46ceaad025d8b58c5207','8b27805092e411e799443bcc49fdd8b7','2016-11-11 10:10:10','d647f5dc071311e3be2a198973f0fb71'),('5','8dacf11a89f64a07b6f36c04e00a8a20','1099969893a411e7831fbf251c36b7d1','2016-11-11 10:10:10','d647f5dc071311e3be2a198973f0fb71'),('6','8dacf11a89f64a07b6f36c04e00a8a20','8b27805092e411e799443bcc49fdd8b7','2016-11-11 10:10:10','d647f5dc071311e3be2a198973f0fb71'),('7','9001','2bfc016c082311e3903d614ca2289850','2016-11-11 10:10:10','d647f5dc071311e3be2a198973f0fb71'),('8','b65d9e5156cf4a52a164f5c50343ec43','8b27805092e411e799443bcc49fdd8b7','2016-11-11 10:10:10','d647f5dc071311e3be2a198973f0fb71'),('9','b65d9e5156cf4a52a164f5c50343ec43','8b27805092e411e799443bcc49fdd8b7','2016-11-11 10:10:10','d647f5dc071311e3be2a198973f0fb71');

#
# Structure for table "tbuserlog"
#

DROP TABLE IF EXISTS `tbuserlog`;
CREATE TABLE `tbuserlog` (
  `LOGID` varchar(32) NOT NULL,
  `OPERATORID` varchar(32) NOT NULL,
  `LOGINTIME` char(19) NOT NULL,
  `LOGOUTTIME` char(19) DEFAULT NULL,
  `IP` char(40) NOT NULL DEFAULT '',
  `CONTENT` varchar(128) DEFAULT NULL,
  `FLAG` decimal(1,0) DEFAULT NULL,
  `RESULT` text,
  `SYSTYPE` decimal(1,0) DEFAULT NULL,
  `authkey` varchar(32) NOT NULL DEFAULT '',
  PRIMARY KEY (`LOGID`)
) ENGINE=InnoDB DEFAULT CHARSET=utf8;

#
# Data for table "tbuserlog"
#

INSERT INTO `tbuserlog` VALUES ('02b60b7a92da11e7a1d71986ad2e07f8','d647f5dc071311e3be2a198973f0fb71','2017-09-06 16:04:30',NULL,'127.0.0.1',NULL,NULL,NULL,NULL,''),('02c7136d471e11e5a6d7b3a1dc10a2d9','d647f5dc071311e3be2a198973f0fb71','2015-08-20 17:29:52','2015-08-20 17:30:36','0:0:0:0:0:0:0:1',NULL,NULL,NULL,NULL,''),('02c8ef5793a111e7831fbf251c36b7d1','d647f5dc071311e3be2a198973f0fb71','2017-09-07 15:49:00',NULL,'127.0.0.1',NULL,NULL,NULL,NULL,''),('060660018ee711e791d00d0ed9616943','d647f5dc071311e3be2a198973f0fb71','2017-09-01 15:27:34',NULL,'127.0.0.1',NULL,NULL,NULL,NULL,''),('06592d008d5a11e7a82d898ed8075bae','d647f5dc071311e3be2a198973f0fb71','2017-08-30 16:05:45',NULL,'127.0.0.1',NULL,NULL,NULL,NULL,''),('06f9a21a8eb411e7b4162f665c7b0a12','d647f5dc071311e3be2a198973f0fb71','2017-09-01 09:22:32',NULL,'127.0.0.1',NULL,NULL,NULL,NULL,''),('076b3c7b8d5e11e7a82d898ed8075bae','d647f5dc071311e3be2a198973f0fb71','2017-08-30 16:34:24',NULL,'127.0.0.1',NULL,NULL,NULL,NULL,''),('078d8a338d6111e7a82d898ed8075bae','d647f5dc071311e3be2a198973f0fb71','2017-08-30 16:55:53',NULL,'127.0.0.1',NULL,NULL,NULL,NULL,''),('0bb39b078d6611e7a82d898ed8075bae','d647f5dc071311e3be2a198973f0fb71','2017-08-30 17:31:48',NULL,'127.0.0.1',NULL,NULL,NULL,NULL,''),('0c2abd218d5a11e7a82d898ed8075bae','d647f5dc071311e3be2a198973f0fb71','2017-08-30 16:05:54',NULL,'127.0.0.1',NULL,NULL,NULL,NULL,''),('11dbb0748d5b11e7a82d898ed8075bae','d647f5dc071311e3be2a198973f0fb71','2017-08-30 16:13:13',NULL,'127.0.0.1',NULL,NULL,NULL,NULL,''),('125e15178c9911e79eafdd493e226f13','d647f5dc071311e3be2a198973f0fb71','2017-08-29 17:04:32',NULL,'127.0.0.1',NULL,NULL,NULL,NULL,''),('151f90fc8ee311e791d00d0ed9616943','d647f5dc071311e3be2a198973f0fb71','2017-09-01 14:59:22',NULL,'127.0.0.1',NULL,NULL,NULL,NULL,''),('155b73ab92da11e7a1d71986ad2e07f8','d647f5dc071311e3be2a198973f0fb71','2017-09-06 16:05:01',NULL,'127.0.0.1',NULL,NULL,NULL,NULL,''),('15df1ee292b111e7be3561b3c270e7fa','d647f5dc071311e3be2a198973f0fb71','2017-09-06 11:11:33',NULL,'127.0.0.1',NULL,NULL,NULL,NULL,''),('15f4934b8eee11e791d00d0ed9616943','d647f5dc071311e3be2a198973f0fb71','2017-09-01 16:18:07',NULL,'127.0.0.1',NULL,NULL,NULL,NULL,''),('1608425c8eee11e791d00d0ed9616943','d647f5dc071311e3be2a198973f0fb71','2017-09-01 16:18:08',NULL,'127.0.0.1',NULL,NULL,NULL,NULL,''),('1807534b8eb411e7b4162f665c7b0a12','d647f5dc071311e3be2a198973f0fb71','2017-09-01 09:23:00',NULL,'127.0.0.1',NULL,NULL,NULL,NULL,''),('18ca903f8ee611e791d00d0ed9616943','d647f5dc071311e3be2a198973f0fb71','2017-09-01 15:20:56',NULL,'127.0.0.1',NULL,NULL,NULL,NULL,''),('1b2edb788c9911e79eafdd493e226f13','d647f5dc071311e3be2a198973f0fb71','2017-08-29 17:04:47',NULL,'127.0.0.1',NULL,NULL,NULL,NULL,''),('1be3c5d18c9411e79eafdd493e226f13','d647f5dc071311e3be2a198973f0fb71','2017-08-29 16:29:00',NULL,'127.0.0.1',NULL,NULL,NULL,NULL,''),('1c2b389b8d6411e7a82d898ed8075bae','d647f5dc071311e3be2a198973f0fb71','2017-08-30 17:17:56',NULL,'127.0.0.1',NULL,NULL,NULL,NULL,''),('1cce61008d6511e7a82d898ed8075bae','d647f5dc071311e3be2a198973f0fb71','2017-08-30 17:25:07',NULL,'127.0.0.1',NULL,NULL,NULL,NULL,''),('1f9565ac8d6411e7a82d898ed8075bae','d647f5dc071311e3be2a198973f0fb71','2017-08-30 17:18:02',NULL,'127.0.0.1',NULL,NULL,NULL,NULL,''),('20b4cd888d6611e7a82d898ed8075bae','d647f5dc071311e3be2a198973f0fb71','2017-08-30 17:32:23',NULL,'127.0.0.1',NULL,NULL,NULL,NULL,''),('2182292c8d5e11e7a82d898ed8075bae','d647f5dc071311e3be2a198973f0fb71','2017-08-30 16:35:08',NULL,'127.0.0.1',NULL,NULL,NULL,NULL,''),('227db88d8d6411e7a82d898ed8075bae','d647f5dc071311e3be2a198973f0fb71','2017-08-30 17:18:07',NULL,'127.0.0.1',NULL,NULL,NULL,NULL,''),('22ea64818c9d11e79eafdd493e226f13','12','2017-08-29 17:33:38',NULL,'127.0.0.1',NULL,NULL,NULL,NULL,''),('25253c718d6511e7a82d898ed8075bae','d647f5dc071311e3be2a198973f0fb71','2017-08-30 17:25:21',NULL,'127.0.0.1',NULL,NULL,NULL,NULL,''),('274b02d5937a11e7b20c67f3dca6d861','d647f5dc071311e3be2a198973f0fb71','2017-09-07 11:10:51',NULL,'127.0.0.1',NULL,NULL,NULL,NULL,''),('28bdf3928d6511e7a82d898ed8075bae','d647f5dc071311e3be2a198973f0fb71','2017-08-30 17:25:27',NULL,'127.0.0.1',NULL,NULL,NULL,NULL,''),('2925a5078d5c11e7a82d898ed8075bae','d647f5dc071311e3be2a198973f0fb71','2017-08-30 16:21:02',NULL,'127.0.0.1',NULL,NULL,NULL,NULL,''),('293013328c9d11e79eafdd493e226f13','12','2017-08-29 17:33:48',NULL,'127.0.0.1',NULL,NULL,NULL,NULL,''),('2a284e6e8d6411e7a82d898ed8075bae','d647f5dc071311e3be2a198973f0fb71','2017-08-30 17:18:20',NULL,'127.0.0.1',NULL,NULL,NULL,NULL,''),('2d4617fb8c9a11e79eafdd493e226f13','d647f5dc071311e3be2a198973f0fb71','2017-08-29 17:12:27',NULL,'127.0.0.1',NULL,NULL,NULL,NULL,''),('2eefedd58eda11e791d00d0ed9616943','d647f5dc071311e3be2a198973f0fb71','2017-09-01 13:55:39',NULL,'127.0.0.1',NULL,NULL,NULL,NULL,''),('2fda303d8d5e11e7a82d898ed8075bae','d647f5dc071311e3be2a198973f0fb71','2017-08-30 16:35:32',NULL,'127.0.0.1',NULL,NULL,NULL,NULL,''),('30dd3ca855cd11e59bc801c4d558c394','7d956a37f9dd11e48febef1a7c9345d0','2015-09-08 09:59:08','2015-09-08 10:01:02','0:0:0:0:0:0:0:1',NULL,NULL,NULL,NULL,''),('3171e3238d6511e7a82d898ed8075bae','d647f5dc071311e3be2a198973f0fb71','2017-08-30 17:25:41',NULL,'127.0.0.1',NULL,NULL,NULL,NULL,''),('31d18d278ede11e791d00d0ed9616943','d647f5dc071311e3be2a198973f0fb71','2017-09-01 14:24:22',NULL,'127.0.0.1',NULL,NULL,NULL,NULL,''),('33270a158ee911e791d00d0ed9616943','d647f5dc071311e3be2a198973f0fb71','2017-09-01 15:43:09',NULL,'127.0.0.1',NULL,NULL,NULL,NULL,''),('3488fd4e8ee411e791d00d0ed9616943','d647f5dc071311e3be2a198973f0fb71','2017-09-01 15:07:24',NULL,'127.0.0.1',NULL,NULL,NULL,NULL,''),('349834d58d5b11e7a82d898ed8075bae','d647f5dc071311e3be2a198973f0fb71','2017-08-30 16:14:12',NULL,'127.0.0.1',NULL,NULL,NULL,NULL,''),('3539a8528ee711e791d00d0ed9616943','d647f5dc071311e3be2a198973f0fb71','2017-09-01 15:28:53',NULL,'127.0.0.1',NULL,NULL,NULL,NULL,''),('35c4ca7f92b311e79364116c96dffaae','d647f5dc071311e3be2a198973f0fb71','2017-09-06 11:26:45',NULL,'127.0.0.1',NULL,NULL,NULL,NULL,''),('397b3ad48d6511e7a82d898ed8075bae','d647f5dc071311e3be2a198973f0fb71','2017-08-30 17:25:55',NULL,'127.0.0.1',NULL,NULL,NULL,NULL,''),('3da379f08d6011e7a82d898ed8075bae','d647f5dc071311e3be2a198973f0fb71','2017-08-30 16:50:14',NULL,'127.0.0.1',NULL,NULL,NULL,NULL,''),('42d06cf88d5d11e7a82d898ed8075bae','d647f5dc071311e3be2a198973f0fb71','2017-08-30 16:28:55',NULL,'127.0.0.1',NULL,NULL,NULL,NULL,''),('435630c192b411e79364116c96dffaae','d647f5dc071311e3be2a198973f0fb71','2017-09-06 11:34:17',NULL,'127.0.0.1',NULL,NULL,NULL,NULL,''),('4454ce74939811e7831fbf251c36b7d1','d647f5dc071311e3be2a198973f0fb71','2017-09-07 14:46:24',NULL,'127.0.0.1',NULL,NULL,NULL,NULL,''),('46ea739e92dc11e799443bcc49fdd8b7','d647f5dc071311e3be2a198973f0fb71','2017-09-06 16:20:43',NULL,'127.0.0.1',NULL,NULL,NULL,NULL,''),('4891d70a8eed11e791d00d0ed9616943','d647f5dc071311e3be2a198973f0fb71','2017-09-01 16:12:23',NULL,'127.0.0.1',NULL,NULL,NULL,NULL,''),('4f31a3cc8eb411e7b4162f665c7b0a12','d647f5dc071311e3be2a198973f0fb71','2017-09-01 09:24:33',NULL,'127.0.0.1',NULL,NULL,NULL,NULL,''),('4f9bc1d255fe11e5aea83d6dda6bead8','d647f5dc071311e3be2a198973f0fb71','2015-09-08 15:50:45',NULL,'0:0:0:0:0:0:0:1',NULL,NULL,NULL,NULL,''),('503428f98d5d11e7a82d898ed8075bae','d647f5dc071311e3be2a198973f0fb71','2017-08-30 16:29:17',NULL,'127.0.0.1',NULL,NULL,NULL,NULL,''),('5065f44f92c911e7952c79b4c92f5b40','d647f5dc071311e3be2a198973f0fb71','2017-09-06 14:04:59',NULL,'127.0.0.1',NULL,NULL,NULL,NULL,''),('51ead58f8d6411e7a82d898ed8075bae','d647f5dc071311e3be2a198973f0fb71','2017-08-30 17:19:26',NULL,'127.0.0.1',NULL,NULL,NULL,NULL,''),('558dc50192cb11e7952c79b4c92f5b40','d647f5dc071311e3be2a198973f0fb71','2017-09-06 14:19:26',NULL,'127.0.0.1',NULL,NULL,NULL,NULL,''),('577e45b4560011e5aea83d6dda6bead8','7d956a37f9dd11e48febef1a7c9345d0','2015-09-08 16:05:17',NULL,'0:0:0:0:0:0:0:1',NULL,NULL,NULL,NULL,''),('5826091ec4cf11e596d0cf4b8cb9107b','9001','2016-01-27 16:24:12',NULL,'192.168.1.197',NULL,NULL,NULL,NULL,''),('5a016a228c9411e79eafdd493e226f13','d647f5dc071311e3be2a198973f0fb71','2017-08-29 16:30:45',NULL,'127.0.0.1',NULL,NULL,NULL,NULL,''),('5e18d8048d6111e7a82d898ed8075bae','d647f5dc071311e3be2a198973f0fb71','2017-08-30 16:58:18',NULL,'127.0.0.1',NULL,NULL,NULL,NULL,''),('60b9ecfa8ee211e791d00d0ed9616943','d647f5dc071311e3be2a198973f0fb71','2017-09-01 14:54:19',NULL,'127.0.0.1',NULL,NULL,NULL,NULL,''),('62b91ea58d6211e7a82d898ed8075bae','d647f5dc071311e3be2a198973f0fb71','2017-08-30 17:05:36',NULL,'127.0.0.1',NULL,NULL,NULL,NULL,''),('64f244f092c911e7952c79b4c92f5b40','d647f5dc071311e3be2a198973f0fb71','2017-09-06 14:05:33',NULL,'127.0.0.1',NULL,NULL,NULL,NULL,''),('6572b67d92b211e79364116c96dffaae','d647f5dc071311e3be2a198973f0fb71','2017-09-06 11:20:56',NULL,'127.0.0.1',NULL,NULL,NULL,NULL,''),('66d425478eea11e791d00d0ed9616943','d647f5dc071311e3be2a198973f0fb71','2017-09-01 15:51:45',NULL,'127.0.0.1',NULL,NULL,NULL,NULL,''),('687c4fe8471911e59039d1dc488f96f4','d647f5dc071311e3be2a198973f0fb71','2015-08-20 16:56:55','2015-08-20 17:29:41','0:0:0:0:0:0:0:1',NULL,NULL,NULL,NULL,''),('6888afbe8d5e11e7a82d898ed8075bae','d647f5dc071311e3be2a198973f0fb71','2017-08-30 16:37:07',NULL,'127.0.0.1',NULL,NULL,NULL,NULL,''),('69d693d68d5b11e7a82d898ed8075bae','d647f5dc071311e3be2a198973f0fb71','2017-08-30 16:15:41',NULL,'127.0.0.1',NULL,NULL,NULL,NULL,''),('6a339b71936b11e7bd1f596fb8f70004','d647f5dc071311e3be2a198973f0fb71','2017-09-07 09:25:21',NULL,'127.0.0.1',NULL,NULL,NULL,NULL,''),('6b9616f08ee611e791d00d0ed9616943','d647f5dc071311e3be2a198973f0fb71','2017-09-01 15:23:15',NULL,'127.0.0.1',NULL,NULL,NULL,NULL,''),('6c2bb5318d6011e7a82d898ed8075bae','d647f5dc071311e3be2a198973f0fb71','2017-08-30 16:51:32',NULL,'127.0.0.1',NULL,NULL,NULL,NULL,''),('6c4e66358d6511e7a82d898ed8075bae','d647f5dc071311e3be2a198973f0fb71','2017-08-30 17:27:20',NULL,'127.0.0.1',NULL,NULL,NULL,NULL,''),('6e9a5d938c9711e79eafdd493e226f13','d647f5dc071311e3be2a198973f0fb71','2017-08-29 16:52:48',NULL,'127.0.0.1',NULL,NULL,NULL,NULL,''),('798b32e98c9911e79eafdd493e226f13','d647f5dc071311e3be2a198973f0fb71','2017-08-29 17:07:25',NULL,'127.0.0.1',NULL,NULL,NULL,NULL,''),('799f2eda55cd11e59bc801c4d558c394','d647f5dc071311e3be2a198973f0fb71','2015-09-08 10:01:10',NULL,'0:0:0:0:0:0:0:1',NULL,NULL,NULL,NULL,''),('79d78bf38c9e11e79eafdd493e226f13','12','2017-08-29 17:43:13',NULL,'127.0.0.1',NULL,NULL,NULL,NULL,''),('79eff36c92af11e7be3561b3c270e7fa','12','2017-09-06 11:00:02',NULL,'127.0.0.1',NULL,NULL,NULL,NULL,''),('79fe6075939a11e7831fbf251c36b7d1','d647f5dc071311e3be2a198973f0fb71','2017-09-07 15:02:13',NULL,'127.0.0.1',NULL,NULL,NULL,NULL,''),('7a89b70a8d5d11e7a82d898ed8075bae','d647f5dc071311e3be2a198973f0fb71','2017-08-30 16:30:28',NULL,'127.0.0.1',NULL,NULL,NULL,NULL,''),('7aa7b46f8d5f11e7a82d898ed8075bae','d647f5dc071311e3be2a198973f0fb71','2017-08-30 16:44:47',NULL,'127.0.0.1',NULL,NULL,NULL,NULL,''),('7e10155d8eb411e7b4162f665c7b0a12','d647f5dc071311e3be2a198973f0fb71','2017-09-01 09:25:51',NULL,'127.0.0.1',NULL,NULL,NULL,NULL,''),('7e1783bd8ee311e791d00d0ed9616943','d647f5dc071311e3be2a198973f0fb71','2017-09-01 15:02:18',NULL,'127.0.0.1',NULL,NULL,NULL,NULL,''),('7f0d0e8a937811e7ba67995390b7bfca','d647f5dc071311e3be2a198973f0fb71','2017-09-07 10:58:59',NULL,'127.0.0.1',NULL,NULL,NULL,NULL,''),('81420c898edf11e791d00d0ed9616943','d647f5dc071311e3be2a198973f0fb71','2017-09-01 14:33:45',NULL,'127.0.0.1',NULL,NULL,NULL,NULL,''),('8388b2858eb811e7b5c9d95db21c7b56','d647f5dc071311e3be2a198973f0fb71','2017-09-01 09:54:38',NULL,'127.0.0.1',NULL,NULL,NULL,NULL,''),('8aad00e28d6011e7a82d898ed8075bae','d647f5dc071311e3be2a198973f0fb71','2017-08-30 16:52:24',NULL,'127.0.0.1',NULL,NULL,NULL,NULL,''),('8ba5f28d92af11e7be3561b3c270e7fa','12','2017-09-06 11:00:31',NULL,'127.0.0.1',NULL,NULL,NULL,NULL,''),('91f47ade92af11e7be3561b3c270e7fa','d647f5dc071311e3be2a198973f0fb71','2017-09-06 11:00:42',NULL,'127.0.0.1',NULL,NULL,NULL,NULL,''),('94fe10ac8c9a11e79eafdd493e226f13','d647f5dc071311e3be2a198973f0fb71','2017-08-29 17:15:21',NULL,'127.0.0.1',NULL,NULL,NULL,NULL,''),('95d859348ee811e791d00d0ed9616943','d647f5dc071311e3be2a198973f0fb71','2017-09-01 15:38:45',NULL,'127.0.0.1',NULL,NULL,NULL,NULL,''),('95f71e048c9711e79eafdd493e226f13','d647f5dc071311e3be2a198973f0fb71','2017-08-29 16:53:54',NULL,'127.0.0.1',NULL,NULL,NULL,NULL,''),('99ad4b5f471e11e5a6d7b3a1dc10a2d9','d647f5dc071311e3be2a198973f0fb71','2015-08-20 17:34:05',NULL,'0:0:0:0:0:0:0:1',NULL,NULL,NULL,NULL,''),('9ce8bfe68d6211e7a82d898ed8075bae','d647f5dc071311e3be2a198973f0fb71','2017-08-30 17:07:13',NULL,'127.0.0.1',NULL,NULL,NULL,NULL,''),('9db34abe92b811e7952c79b4c92f5b40','d647f5dc071311e3be2a198973f0fb71','2017-09-06 12:05:27',NULL,'127.0.0.1',NULL,NULL,NULL,NULL,''),('9fc9bfa28ec511e791d00d0ed9616943','d647f5dc071311e3be2a198973f0fb71','2017-09-01 11:28:29',NULL,'127.0.0.1',NULL,NULL,NULL,NULL,''),('a53534cb8ee211e791d00d0ed9616943','d647f5dc071311e3be2a198973f0fb71','2017-09-01 14:56:14',NULL,'127.0.0.1',NULL,NULL,NULL,NULL,''),('a872d6cd8c9a11e79eafdd493e226f13','d647f5dc071311e3be2a198973f0fb71','2017-08-29 17:15:53',NULL,'127.0.0.1',NULL,NULL,NULL,NULL,''),('aadfcd0bc4d511e5939ba577071af2da','d647f5dc071311e3be2a198973f0fb71','2016-01-27 17:09:27','2016-01-27 17:10:17','127.0.0.1',NULL,NULL,NULL,NULL,''),('ac5b3f238ee711e791d00d0ed9616943','d647f5dc071311e3be2a198973f0fb71','2017-09-01 15:32:13',NULL,'127.0.0.1',NULL,NULL,NULL,NULL,''),('ae3d2c62937911e7b20c67f3dca6d861','d647f5dc071311e3be2a198973f0fb71','2017-09-07 11:07:28',NULL,'127.0.0.1',NULL,NULL,NULL,NULL,''),('aeb644088eb311e7b4162f665c7b0a12','d647f5dc071311e3be2a198973f0fb71','2017-09-01 09:20:03',NULL,'127.0.0.1',NULL,NULL,NULL,NULL,''),('b22d514292cb11e7952c79b4c92f5b40','d647f5dc071311e3be2a198973f0fb71','2017-09-06 14:22:02',NULL,'127.0.0.1',NULL,NULL,NULL,NULL,''),('b2e1ef2192b011e7be3561b3c270e7fa','d647f5dc071311e3be2a198973f0fb71','2017-09-06 11:08:47',NULL,'127.0.0.1',NULL,NULL,NULL,NULL,''),('b308db5d8d5811e7a82d898ed8075bae','12','2017-08-30 15:56:15',NULL,'127.0.0.1',NULL,NULL,NULL,NULL,''),('b8630a0e8c9a11e79eafdd493e226f13','d647f5dc071311e3be2a198973f0fb71','2017-08-29 17:16:20',NULL,'127.0.0.1',NULL,NULL,NULL,NULL,''),('b87e88a58c9711e79eafdd493e226f13','d647f5dc071311e3be2a198973f0fb71','2017-08-29 16:54:52',NULL,'127.0.0.1',NULL,NULL,NULL,NULL,''),('b91a193c55cd11e59bc801c4d558c394','4d6d7387163e11e599966b46fd8446ab','2015-09-08 10:02:56',NULL,'0:0:0:0:0:0:0:1',NULL,NULL,NULL,NULL,''),('ba48c7c98eeb11e791d00d0ed9616943','d647f5dc071311e3be2a198973f0fb71','2017-09-01 16:01:15',NULL,'127.0.0.1',NULL,NULL,NULL,NULL,''),('baf05d13937911e7b20c67f3dca6d861','12','2017-09-07 11:07:49',NULL,'127.0.0.1',NULL,NULL,NULL,NULL,''),('be84ac668eda11e791d00d0ed9616943','d647f5dc071311e3be2a198973f0fb71','2017-09-01 13:59:40',NULL,'127.0.0.1',NULL,NULL,NULL,NULL,''),('beff2e94937911e7b20c67f3dca6d861','d647f5dc071311e3be2a198973f0fb71','2017-09-07 11:07:56',NULL,'127.0.0.1',NULL,NULL,NULL,NULL,''),('c220c92f92af11e7be3561b3c270e7fa','d647f5dc071311e3be2a198973f0fb71','2017-09-06 11:02:03',NULL,'127.0.0.1',NULL,NULL,NULL,NULL,''),('c3d764068c9811e79eafdd493e226f13','d647f5dc071311e3be2a198973f0fb71','2017-08-29 17:02:20',NULL,'127.0.0.1',NULL,NULL,NULL,NULL,''),('c9aa855a8c9911e79eafdd493e226f13','d647f5dc071311e3be2a198973f0fb71','2017-08-29 17:09:39',NULL,'127.0.0.1',NULL,NULL,NULL,NULL,''),('cad360f98eb311e7b4162f665c7b0a12','d647f5dc071311e3be2a198973f0fb71','2017-09-01 09:20:51',NULL,'127.0.0.1',NULL,NULL,NULL,NULL,''),('cb08c3778d6211e7a82d898ed8075bae','d647f5dc071311e3be2a198973f0fb71','2017-08-30 17:08:31',NULL,'127.0.0.1',NULL,NULL,NULL,NULL,''),('cb8c99948c9e11e79eafdd493e226f13','12','2017-08-29 17:45:30',NULL,'127.0.0.1',NULL,NULL,NULL,NULL,''),('d05ebb188eea11e791d00d0ed9616943','d647f5dc071311e3be2a198973f0fb71','2017-09-01 15:54:42',NULL,'127.0.0.1',NULL,NULL,NULL,NULL,''),('d1c01fb88d6211e7a82d898ed8075bae','d647f5dc071311e3be2a198973f0fb71','2017-08-30 17:08:42',NULL,'127.0.0.1',NULL,NULL,NULL,NULL,''),('d2d599608c9c11e79eafdd493e226f13','12','2017-08-29 17:31:23',NULL,'127.0.0.1',NULL,NULL,NULL,NULL,''),('d3d7a442c4ce11e5a48bbf93c28c15e2','9001','2016-01-27 16:20:30',NULL,'192.168.1.197',NULL,NULL,NULL,NULL,''),('d40957de8d5811e7a82d898ed8075bae','12','2017-08-30 15:57:11',NULL,'127.0.0.1',NULL,NULL,NULL,NULL,''),('d40ef1b98d6211e7a82d898ed8075bae','d647f5dc071311e3be2a198973f0fb71','2017-08-30 17:08:46',NULL,'127.0.0.1',NULL,NULL,NULL,NULL,''),('d53a8d23938f11e7831fbf251c36b7d1','d647f5dc071311e3be2a198973f0fb71','2017-09-07 13:46:02',NULL,'127.0.0.1',NULL,NULL,NULL,NULL,''),('d5474ac58c9e11e79eafdd493e226f13','12','2017-08-29 17:45:46',NULL,'127.0.0.1',NULL,NULL,NULL,NULL,''),('d9f0cc088ede11e791d00d0ed9616943','d647f5dc071311e3be2a198973f0fb71','2017-09-01 14:29:04',NULL,'127.0.0.1',NULL,NULL,NULL,NULL,''),('db9705028d5a11e7a82d898ed8075bae','d647f5dc071311e3be2a198973f0fb71','2017-08-30 16:11:42',NULL,'127.0.0.1',NULL,NULL,NULL,NULL,''),('dcb6f925947611e7977871f9d5826626','d647f5dc071311e3be2a198973f0fb71','2017-09-08 17:19:48',NULL,'127.0.0.1',NULL,NULL,NULL,NULL,''),('dd2657938d5a11e7a82d898ed8075bae','d647f5dc071311e3be2a198973f0fb71','2017-08-30 16:11:45',NULL,'127.0.0.1',NULL,NULL,NULL,NULL,''),('de47065e92b211e79364116c96dffaae','d647f5dc071311e3be2a198973f0fb71','2017-09-06 11:24:18',NULL,'127.0.0.1',NULL,NULL,NULL,NULL,''),('df7dd18f8d5911e7a82d898ed8075bae','d647f5dc071311e3be2a198973f0fb71','2017-08-30 16:04:39',NULL,'127.0.0.1',NULL,NULL,NULL,NULL,''),('e147d896560711e5aea83d6dda6bead8','4d6d7387163e11e599966b46fd8446ab','2015-09-08 16:59:14','2015-09-08 16:59:55','0:0:0:0:0:0:0:1',NULL,NULL,NULL,NULL,''),('e298db1f8c9a11e79eafdd493e226f13','d647f5dc071311e3be2a198973f0fb71','2017-08-29 17:17:31',NULL,'127.0.0.1',NULL,NULL,NULL,NULL,''),('e2cc065192e411e799443bcc49fdd8b7','d647f5dc071311e3be2a198973f0fb71','2017-09-06 17:22:21',NULL,'127.0.0.1',NULL,NULL,NULL,NULL,''),('e67fdfbd8eee11e791d00d0ed9616943','d647f5dc071311e3be2a198973f0fb71','2017-09-01 16:23:57',NULL,'127.0.0.1',NULL,NULL,NULL,NULL,''),('e68ff48c92b111e79364116c96dffaae','d647f5dc071311e3be2a198973f0fb71','2017-09-06 11:17:23',NULL,'127.0.0.1',NULL,NULL,NULL,NULL,''),('e703b00092af11e7be3561b3c270e7fa','d647f5dc071311e3be2a198973f0fb71','2017-09-06 11:03:05',NULL,'127.0.0.1',NULL,NULL,NULL,NULL,''),('e892e1e693a011e7831fbf251c36b7d1','d647f5dc071311e3be2a198973f0fb71','2017-09-07 15:48:16',NULL,'127.0.0.1',NULL,NULL,NULL,NULL,''),('f2af5ed092b311e79364116c96dffaae','d647f5dc071311e3be2a198973f0fb71','2017-09-06 11:32:02',NULL,'127.0.0.1',NULL,NULL,NULL,NULL,''),('f5bc1a5e8ef011e791d00d0ed9616943','d647f5dc071311e3be2a198973f0fb71','2017-09-01 16:38:42',NULL,'127.0.0.1',NULL,NULL,NULL,NULL,''),('f70a25768d6511e7a82d898ed8075bae','d647f5dc071311e3be2a198973f0fb71','2017-08-30 17:31:13',NULL,'127.0.0.1',NULL,NULL,NULL,NULL,''),('fd7c668b471d11e5a6d7b3a1dc10a2d9','4d6d7387163e11e599966b46fd8446ab','2015-08-20 17:29:43','2015-08-20 17:29:48','0:0:0:0:0:0:0:1',NULL,NULL,NULL,NULL,''),('ff002150937311e791c0ffc0822080c0','d647f5dc071311e3be2a198973f0fb71','2017-09-07 10:26:46',NULL,'127.0.0.1',NULL,NULL,NULL,NULL,''),('ffafe1168ee911e791d00d0ed9616943','d647f5dc071311e3be2a198973f0fb71','2017-09-01 15:48:52',NULL,'127.0.0.1',NULL,NULL,NULL,NULL,''),('ffda2fda8d6211e7a82d898ed8075bae','d647f5dc071311e3be2a198973f0fb71','2017-08-30 17:09:59',NULL,'127.0.0.1',NULL,NULL,NULL,NULL,'');
